{
    "loss": 21.06829261779785,
    "accuracy": 0.4313725531101227
}