{
    "loss": 24.262920379638672,
    "accuracy": 0.4313725531101227
}