{
    "loss": 24.205591201782227,
    "accuracy": 0.4313725531101227
}